CarrierCode,std_dev,num_flights,CarrierName
BA,2571.9047518130087,1059,British Airways
AA,2576.9440684999854,957,American Airlines
LH,2578.65854262484,986,Lufthansa
EK,2611.494188644942,1021,Emirates
QF,2612.1307649948612,984,Qantas
SQ,2614.446903543967,997,Singapore Airlines
DL,2638.6368626682297,986,Delta Airlines
SW,2639.1388211620865,1018,Southwest Airlines
AF,2644.1313639390273,1024,Air France
UA,2665.4285608731907,968,United Airlines
